<skeleton >
  <bones >
    <bone name="Bone" id="0" >
      <position x="0.000000" y="0.000000" z="0.000000" />
      <rotation angle="0.000000" >
        <axis x="1.000000" y="0.000000" z="0.000000" />
      </rotation>
    </bone>
  </bones>
  <bonehierarchy />
  <animations >
    <animation length="1.625" name="Agrandar" >
      <tracks >
        <track bone="Bone" >
          <keyframes >
            <keyframe time="0.0" >
              <translate x="0.000000" y="0.000000" z="0.000000" />
              <rotate angle="0.000000" >
                <axis x="1.000000" y="0.000000" z="0.000000" />
              </rotate>
              <scale x="1.000000" y="1.000000" z="1.000000" />
            </keyframe>
            <keyframe time="0.041666666666666664" >
              <translate x="0.000000" y="0.000000" z="0.000000" />
              <rotate angle="0.000000" >
                <axis x="1.000000" y="0.000000" z="0.000000" />
              </rotate>
              <scale x="1.002894" y="1.002894" z="1.002894" />
            </keyframe>
            <keyframe time="0.08333333333333333" >
              <translate x="0.000000" y="0.000000" z="0.000000" />
              <rotate angle="0.000000" >
                <axis x="1.000000" y="0.000000" z="0.000000" />
              </rotate>
              <scale x="1.011643" y="1.011643" z="1.011643" />
            </keyframe>
            <keyframe time="0.125" >
              <translate x="0.000000" y="0.000000" z="0.000000" />
              <rotate angle="0.000000" >
                <axis x="1.000000" y="0.000000" z="0.000000" />
              </rotate>
              <scale x="1.026264" y="1.026264" z="1.026264" />
            </keyframe>
            <keyframe time="0.16666666666666666" >
              <translate x="0.000000" y="0.000000" z="0.000000" />
              <rotate angle="0.000000" >
                <axis x="1.000000" y="0.000000" z="0.000000" />
              </rotate>
              <scale x="1.046636" y="1.046636" z="1.046636" />
            </keyframe>
            <keyframe time="0.20833333333333334" >
              <translate x="0.000000" y="0.000000" z="0.000000" />
              <rotate angle="0.000000" >
                <axis x="1.000000" y="0.000000" z="0.000000" />
              </rotate>
              <scale x="1.072458" y="1.072458" z="1.072458" />
            </keyframe>
            <keyframe time="0.25" >
              <translate x="0.000000" y="0.000000" z="0.000000" />
              <rotate angle="0.000000" >
                <axis x="1.000000" y="0.000000" z="0.000000" />
              </rotate>
              <scale x="1.103216" y="1.103216" z="1.103216" />
            </keyframe>
            <keyframe time="0.2916666666666667" >
              <translate x="0.000000" y="0.000000" z="0.000000" />
              <rotate angle="0.000000" >
                <axis x="1.000000" y="0.000000" z="0.000000" />
              </rotate>
              <scale x="1.138159" y="1.138159" z="1.138159" />
            </keyframe>
            <keyframe time="0.3333333333333333" >
              <translate x="0.000000" y="0.000000" z="0.000000" />
              <rotate angle="0.000000" >
                <axis x="1.000000" y="0.000000" z="0.000000" />
              </rotate>
              <scale x="1.176305" y="1.176305" z="1.176305" />
            </keyframe>
            <keyframe time="0.375" >
              <translate x="0.000000" y="0.000000" z="0.000000" />
              <rotate angle="0.000000" >
                <axis x="1.000000" y="0.000000" z="0.000000" />
              </rotate>
              <scale x="1.216465" y="1.216465" z="1.216465" />
            </keyframe>
            <keyframe time="0.4166666666666667" >
              <translate x="0.000000" y="0.000000" z="0.000000" />
              <rotate angle="0.000000" >
                <axis x="1.000000" y="0.000000" z="0.000000" />
              </rotate>
              <scale x="1.257312" y="1.257312" z="1.257312" />
            </keyframe>
            <keyframe time="0.4583333333333333" >
              <translate x="0.000000" y="0.000000" z="0.000000" />
              <rotate angle="0.000000" >
                <axis x="1.000000" y="0.000000" z="0.000000" />
              </rotate>
              <scale x="1.297472" y="1.297472" z="1.297472" />
            </keyframe>
            <keyframe time="0.5" >
              <translate x="0.000000" y="0.000000" z="0.000000" />
              <rotate angle="0.000000" >
                <axis x="1.000000" y="0.000000" z="0.000000" />
              </rotate>
              <scale x="1.335618" y="1.335618" z="1.335618" />
            </keyframe>
            <keyframe time="0.5416666666666666" >
              <translate x="0.000000" y="0.000000" z="0.000000" />
              <rotate angle="0.000000" >
                <axis x="1.000000" y="0.000000" z="0.000000" />
              </rotate>
              <scale x="1.370561" y="1.370561" z="1.370561" />
            </keyframe>
            <keyframe time="0.5833333333333334" >
              <translate x="0.000000" y="0.000000" z="0.000000" />
              <rotate angle="0.000000" >
                <axis x="1.000000" y="0.000000" z="0.000000" />
              </rotate>
              <scale x="1.401319" y="1.401319" z="1.401319" />
            </keyframe>
            <keyframe time="0.625" >
              <translate x="0.000000" y="0.000000" z="0.000000" />
              <rotate angle="0.000000" >
                <axis x="1.000000" y="0.000000" z="0.000000" />
              </rotate>
              <scale x="1.427140" y="1.427140" z="1.427140" />
            </keyframe>
            <keyframe time="0.6666666666666666" >
              <translate x="0.000000" y="0.000000" z="0.000000" />
              <rotate angle="0.000000" >
                <axis x="1.000000" y="0.000000" z="0.000000" />
              </rotate>
              <scale x="1.447512" y="1.447512" z="1.447512" />
            </keyframe>
            <keyframe time="0.7083333333333334" >
              <translate x="0.000000" y="0.000000" z="0.000000" />
              <rotate angle="0.000000" >
                <axis x="1.000000" y="0.000000" z="0.000000" />
              </rotate>
              <scale x="1.462134" y="1.462134" z="1.462134" />
            </keyframe>
            <keyframe time="0.75" >
              <translate x="0.000000" y="0.000000" z="0.000000" />
              <rotate angle="0.000000" >
                <axis x="1.000000" y="0.000000" z="0.000000" />
              </rotate>
              <scale x="1.470882" y="1.470882" z="1.470882" />
            </keyframe>
            <keyframe time="0.7916666666666666" >
              <translate x="0.000000" y="0.000000" z="0.000000" />
              <rotate angle="0.000000" >
                <axis x="1.000000" y="0.000000" z="0.000000" />
              </rotate>
              <scale x="1.473777" y="1.473777" z="1.473777" />
            </keyframe>
            <keyframe time="0.8333333333333334" >
              <translate x="0.000000" y="0.000000" z="0.000000" />
              <rotate angle="0.000000" >
                <axis x="1.000000" y="0.000000" z="0.000000" />
              </rotate>
              <scale x="1.471166" y="1.471166" z="1.471166" />
            </keyframe>
            <keyframe time="0.875" >
              <translate x="0.000000" y="0.000000" z="0.000000" />
              <rotate angle="0.000000" >
                <axis x="1.000000" y="0.000000" z="0.000000" />
              </rotate>
              <scale x="1.463274" y="1.463274" z="1.463274" />
            </keyframe>
            <keyframe time="0.9166666666666666" >
              <translate x="0.000000" y="0.000000" z="0.000000" />
              <rotate angle="0.000000" >
                <axis x="1.000000" y="0.000000" z="0.000000" />
              </rotate>
              <scale x="1.450077" y="1.450077" z="1.450077" />
            </keyframe>
            <keyframe time="0.9583333333333334" >
              <translate x="0.000000" y="0.000000" z="0.000000" />
              <rotate angle="0.000000" >
                <axis x="1.000000" y="0.000000" z="0.000000" />
              </rotate>
              <scale x="1.431663" y="1.431663" z="1.431663" />
            </keyframe>
            <keyframe time="1.0" >
              <translate x="0.000000" y="0.000000" z="0.000000" />
              <rotate angle="0.000000" >
                <axis x="1.000000" y="0.000000" z="0.000000" />
              </rotate>
              <scale x="1.408261" y="1.408261" z="1.408261" />
            </keyframe>
            <keyframe time="1.0416666666666667" >
              <translate x="0.000000" y="0.000000" z="0.000000" />
              <rotate angle="0.000000" >
                <axis x="1.000000" y="0.000000" z="0.000000" />
              </rotate>
              <scale x="1.380267" y="1.380267" z="1.380267" />
            </keyframe>
            <keyframe time="1.0833333333333333" >
              <translate x="0.000000" y="0.000000" z="0.000000" />
              <rotate angle="0.000000" >
                <axis x="1.000000" y="0.000000" z="0.000000" />
              </rotate>
              <scale x="1.348267" y="1.348267" z="1.348267" />
            </keyframe>
            <keyframe time="1.125" >
              <translate x="0.000000" y="0.000000" z="0.000000" />
              <rotate angle="0.000000" >
                <axis x="1.000000" y="0.000000" z="0.000000" />
              </rotate>
              <scale x="1.313043" y="1.313043" z="1.313043" />
            </keyframe>
            <keyframe time="1.1666666666666667" >
              <translate x="0.000000" y="0.000000" z="0.000000" />
              <rotate angle="0.000000" >
                <axis x="1.000000" y="0.000000" z="0.000000" />
              </rotate>
              <scale x="1.275551" y="1.275551" z="1.275551" />
            </keyframe>
            <keyframe time="1.2083333333333333" >
              <translate x="0.000000" y="0.000000" z="0.000000" />
              <rotate angle="0.000000" >
                <axis x="1.000000" y="0.000000" z="0.000000" />
              </rotate>
              <scale x="1.236888" y="1.236888" z="1.236888" />
            </keyframe>
            <keyframe time="1.25" >
              <translate x="0.000000" y="0.000000" z="0.000000" />
              <rotate angle="0.000000" >
                <axis x="1.000000" y="0.000000" z="0.000000" />
              </rotate>
              <scale x="1.198226" y="1.198226" z="1.198226" />
            </keyframe>
            <keyframe time="1.2916666666666667" >
              <translate x="0.000000" y="0.000000" z="0.000000" />
              <rotate angle="0.000000" >
                <axis x="1.000000" y="0.000000" z="0.000000" />
              </rotate>
              <scale x="1.160734" y="1.160734" z="1.160734" />
            </keyframe>
            <keyframe time="1.3333333333333333" >
              <translate x="0.000000" y="0.000000" z="0.000000" />
              <rotate angle="0.000000" >
                <axis x="1.000000" y="0.000000" z="0.000000" />
              </rotate>
              <scale x="1.125510" y="1.125510" z="1.125510" />
            </keyframe>
            <keyframe time="1.375" >
              <translate x="0.000000" y="0.000000" z="0.000000" />
              <rotate angle="0.000000" >
                <axis x="1.000000" y="0.000000" z="0.000000" />
              </rotate>
              <scale x="1.093510" y="1.093510" z="1.093510" />
            </keyframe>
            <keyframe time="1.4166666666666667" >
              <translate x="0.000000" y="0.000000" z="0.000000" />
              <rotate angle="0.000000" >
                <axis x="1.000000" y="0.000000" z="0.000000" />
              </rotate>
              <scale x="1.065516" y="1.065516" z="1.065516" />
            </keyframe>
            <keyframe time="1.4583333333333333" >
              <translate x="0.000000" y="0.000000" z="0.000000" />
              <rotate angle="0.000000" >
                <axis x="1.000000" y="0.000000" z="0.000000" />
              </rotate>
              <scale x="1.042113" y="1.042113" z="1.042113" />
            </keyframe>
            <keyframe time="1.5" >
              <translate x="0.000000" y="0.000000" z="0.000000" />
              <rotate angle="0.000000" >
                <axis x="1.000000" y="0.000000" z="0.000000" />
              </rotate>
              <scale x="1.023700" y="1.023700" z="1.023700" />
            </keyframe>
            <keyframe time="1.5416666666666667" >
              <translate x="0.000000" y="0.000000" z="0.000000" />
              <rotate angle="0.000000" >
                <axis x="1.000000" y="0.000000" z="0.000000" />
              </rotate>
              <scale x="1.010503" y="1.010503" z="1.010503" />
            </keyframe>
            <keyframe time="1.5833333333333333" >
              <translate x="0.000000" y="0.000000" z="0.000000" />
              <rotate angle="0.000000" >
                <axis x="1.000000" y="0.000000" z="0.000000" />
              </rotate>
              <scale x="1.002611" y="1.002611" z="1.002611" />
            </keyframe>
            <keyframe time="1.625" >
              <translate x="0.000000" y="0.000000" z="0.000000" />
              <rotate angle="0.000000" >
                <axis x="1.000000" y="0.000000" z="0.000000" />
              </rotate>
              <scale x="1.000000" y="1.000000" z="1.000000" />
            </keyframe>
          </keyframes>
        </track>
      </tracks>
    </animation>
  </animations>
</skeleton>