<?xml version="1.0" encoding="UTF-8"?>
<mesh>
    <sharedgeometry vertexcount="4">
        <vertexbuffer colours_diffuse="False" texture_coords="1" normals="true" positions="true">
            <vertex>
                <position x="-14.000000" z="15.500000" y="0.000005"/>
                <normal x="0.000000" z="-0.000000" y="1.000000"/>
                <texcoord v="0.040382" u="0.979271"/>
            </vertex>
            <vertex>
                <position x="14.000000" z="15.500000" y="0.000005"/>
                <normal x="0.000000" z="-0.000000" y="1.000000"/>
                <texcoord v="0.040382" u="0.026164"/>
            </vertex>
            <vertex>
                <position x="14.000000" z="-15.500000" y="-0.000005"/>
                <normal x="0.000000" z="-0.000000" y="1.000000"/>
                <texcoord v="0.927228" u="0.026164"/>
            </vertex>
            <vertex>
                <position x="-14.000000" z="-15.500000" y="-0.000005"/>
                <normal x="0.000000" z="-0.000000" y="1.000000"/>
                <texcoord v="0.927228" u="0.979271"/>
            </vertex>
        </vertexbuffer>
    </sharedgeometry>
    <submeshes>
        <submesh use32bitindexes="False" usesharedvertices="true" material="Base_mat" operationtype="triangle_list">
            <faces count="2">
                <face v2="1" v3="2" v1="0"/>
                <face v2="2" v3="3" v1="0"/>
            </faces>
        </submesh>
    </submeshes>
    <submeshnames>
        <submesh name="Base_mat" index="0">
        </submesh>
    </submeshnames>
</mesh>