<?xml version="1.0" encoding="UTF-8"?>
<mesh>
    <sharedgeometry vertexcount="4">
        <vertexbuffer positions="true" texture_coords="0" normals="true" colours_diffuse="False">
            <vertex>
                <position x="-14.000000" z="15.500000" y="0.000000"/>
                <normal x="0.000000" z="-0.000000" y="1.000000"/>
            </vertex>
            <vertex>
                <position x="14.000000" z="15.500000" y="0.000000"/>
                <normal x="0.000000" z="-0.000000" y="1.000000"/>
            </vertex>
            <vertex>
                <position x="14.000000" z="-15.500000" y="0.000000"/>
                <normal x="0.000000" z="-0.000000" y="1.000000"/>
            </vertex>
            <vertex>
                <position x="-14.000000" z="-15.500000" y="0.000000"/>
                <normal x="0.000000" z="-0.000000" y="1.000000"/>
            </vertex>
        </vertexbuffer>
    </sharedgeometry>
    <submeshes>
        <submesh usesharedvertices="true" operationtype="triangle_list" material="Base_mat" use32bitindexes="False">
            <faces count="2">
                <face v3="2" v1="0" v2="1"/>
                <face v3="3" v1="0" v2="2"/>
            </faces>
        </submesh>
    </submeshes>
    <submeshnames>
        <submesh index="0" name="Base_mat">
        </submesh>
    </submeshnames>
</mesh>