<?xml version="1.0" encoding="UTF-8"?>
<mesh>
    <sharedgeometry vertexcount="4">
        <vertexbuffer normals="true" texture_coords="1" colours_diffuse="False" positions="true">
            <vertex>
                <position z="8.150922" y="0.000000" x="-13.041474"/>
                <normal z="-0.000000" y="1.000000" x="0.000000"/>
                <texcoord u="0.000000" v="1.000000"/>
            </vertex>
            <vertex>
                <position z="8.150922" y="0.000000" x="13.041474"/>
                <normal z="-0.000000" y="1.000000" x="0.000000"/>
                <texcoord u="1.000000" v="1.000000"/>
            </vertex>
            <vertex>
                <position z="-8.150922" y="-0.000000" x="13.041474"/>
                <normal z="-0.000000" y="1.000000" x="0.000000"/>
                <texcoord u="1.000000" v="0.000000"/>
            </vertex>
            <vertex>
                <position z="-8.150922" y="-0.000000" x="-13.041474"/>
                <normal z="-0.000000" y="1.000000" x="0.000000"/>
                <texcoord u="0.000000" v="0.000000"/>
            </vertex>
        </vertexbuffer>
    </sharedgeometry>
    <submeshes>
        <submesh material="Backmenu" use32bitindexes="False" operationtype="triangle_list" usesharedvertices="true">
            <faces count="2">
                <face v3="2" v1="0" v2="1"/>
                <face v3="3" v1="0" v2="2"/>
            </faces>
        </submesh>
    </submeshes>
    <submeshnames>
        <submesh name="Backmenu" index="0">
        </submesh>
    </submeshnames>
</mesh>