<skeleton >
  <bones >
    <bone id="0" name="Bone" >
      <position z="0.000000" x="0.000000" y="-0.021318" />
      <rotation angle="0.000000" >
        <axis z="0.000000" x="1.000000" y="0.000000" />
      </rotation>
    </bone>
  </bones>
  <bonehierarchy />
  <animations >
    <animation name="Saltar" length="1.625" >
      <tracks >
        <track bone="Bone" >
          <keyframes >
            <keyframe time="0.0" >
              <translate z="0.000000" x="0.000000" y="0.000000" />
              <rotate angle="0.000000" >
                <axis z="0.000000" x="1.000000" y="0.000000" />
              </rotate>
              <scale z="1.000000" x="1.000000" y="1.000000" />
            </keyframe>
            <keyframe time="0.041666666666666664" >
              <translate z="0.000000" x="0.000000" y="0.003054" />
              <rotate angle="0.012295" >
                <axis z="0.000000" x="0.000000" y="0.999801" />
              </rotate>
              <scale z="1.000000" x="1.000000" y="1.000000" />
            </keyframe>
            <keyframe time="0.08333333333333333" >
              <translate z="0.000000" x="0.000000" y="0.012287" />
              <rotate angle="0.050377" >
                <axis z="0.000000" x="0.000000" y="1.000006" />
              </rotate>
              <scale z="1.000000" x="1.000000" y="1.000000" />
            </keyframe>
            <keyframe time="0.125" >
              <translate z="0.000000" x="0.000000" y="0.027718" />
              <rotate angle="0.117245" >
                <axis z="0.000000" x="0.000000" y="1.000003" />
              </rotate>
              <scale z="1.000000" x="1.000000" y="1.000000" />
            </keyframe>
            <keyframe time="0.16666666666666666" >
              <translate z="0.000000" x="0.000000" y="0.049218" />
              <rotate angle="0.217505" >
                <axis z="0.000000" x="0.000000" y="0.999996" />
              </rotate>
              <scale z="1.000000" x="1.000000" y="1.000000" />
            </keyframe>
            <keyframe time="0.20833333333333334" >
              <translate z="0.000000" x="0.000000" y="0.076469" />
              <rotate angle="0.357250" >
                <axis z="0.000000" x="0.000000" y="1.000003" />
              </rotate>
              <scale z="1.000000" x="1.000000" y="1.000000" />
            </keyframe>
            <keyframe time="0.25" >
              <translate z="0.000000" x="0.000000" y="0.108928" />
              <rotate angle="0.543306" >
                <axis z="0.000000" x="0.000000" y="1.000000" />
              </rotate>
              <scale z="1.000000" x="1.000000" y="1.000000" />
            </keyframe>
            <keyframe time="0.2916666666666667" >
              <translate z="0.000000" x="0.000000" y="0.145806" />
              <rotate angle="0.781029" >
                <axis z="0.000000" x="0.000000" y="1.000000" />
              </rotate>
              <scale z="1.000000" x="1.000000" y="1.000000" />
            </keyframe>
            <keyframe time="0.3333333333333333" >
              <translate z="0.000000" x="0.000000" y="0.186063" />
              <rotate angle="1.070033" >
                <axis z="0.000000" x="0.000000" y="1.000000" />
              </rotate>
              <scale z="1.000000" x="1.000000" y="1.000000" />
            </keyframe>
            <keyframe time="0.375" >
              <translate z="0.000000" x="0.000000" y="0.228446" />
              <rotate angle="1.398787" >
                <axis z="0.000000" x="0.000000" y="1.000000" />
              </rotate>
              <scale z="1.000000" x="1.000000" y="1.000000" />
            </keyframe>
            <keyframe time="0.4166666666666667" >
              <translate z="0.000000" x="0.000000" y="0.271554" />
              <rotate angle="1.742806" >
                <axis z="0.000000" x="0.000000" y="1.000000" />
              </rotate>
              <scale z="1.000000" x="1.000000" y="1.000000" />
            </keyframe>
            <keyframe time="0.4583333333333333" >
              <translate z="0.000000" x="0.000000" y="0.313937" />
              <rotate angle="2.071559" >
                <axis z="0.000000" x="0.000000" y="1.000000" />
              </rotate>
              <scale z="1.000000" x="1.000000" y="1.000000" />
            </keyframe>
            <keyframe time="0.5" >
              <translate z="0.000000" x="0.000000" y="0.354194" />
              <rotate angle="2.360563" >
                <axis z="0.000000" x="0.000000" y="1.000000" />
              </rotate>
              <scale z="1.000000" x="1.000000" y="1.000000" />
            </keyframe>
            <keyframe time="0.5416666666666666" >
              <translate z="0.000000" x="0.000000" y="0.391071" />
              <rotate angle="2.598287" >
                <axis z="0.000000" x="0.000000" y="1.000000" />
              </rotate>
              <scale z="1.000000" x="1.000000" y="1.000000" />
            </keyframe>
            <keyframe time="0.5833333333333334" >
              <translate z="0.000000" x="0.000000" y="0.423531" />
              <rotate angle="2.784341" >
                <axis z="0.000000" x="0.000000" y="1.000000" />
              </rotate>
              <scale z="1.000000" x="1.000000" y="1.000000" />
            </keyframe>
            <keyframe time="0.625" >
              <translate z="0.000000" x="0.000000" y="0.450782" />
              <rotate angle="2.924089" >
                <axis z="0.000000" x="0.000000" y="1.000000" />
              </rotate>
              <scale z="1.000000" x="1.000000" y="1.000000" />
            </keyframe>
            <keyframe time="0.6666666666666666" >
              <translate z="0.000000" x="0.000000" y="0.472282" />
              <rotate angle="3.024348" >
                <axis z="0.000000" x="0.000000" y="1.000000" />
              </rotate>
              <scale z="1.000000" x="1.000000" y="1.000000" />
            </keyframe>
            <keyframe time="0.7083333333333334" >
              <translate z="0.000000" x="0.000000" y="0.487713" />
              <rotate angle="3.091216" >
                <axis z="0.000000" x="0.000000" y="1.000000" />
              </rotate>
              <scale z="1.000000" x="1.000000" y="1.000000" />
            </keyframe>
            <keyframe time="0.75" >
              <translate z="0.000000" x="0.000000" y="0.496946" />
              <rotate angle="3.129301" >
                <axis z="0.000000" x="0.000000" y="1.000000" />
              </rotate>
              <scale z="1.000000" x="1.000000" y="1.000000" />
            </keyframe>
            <keyframe time="0.7916666666666666" >
              <translate z="0.000000" x="0.000000" y="0.500000" />
              <rotate angle="3.141593" >
                <axis z="0.000000" x="0.000000" y="1.000000" />
              </rotate>
              <scale z="1.000000" x="1.000000" y="1.000000" />
            </keyframe>
            <keyframe time="0.8333333333333334" >
              <translate z="0.000000" x="0.000000" y="0.497244" />
              <rotate angle="3.130509" >
                <axis z="0.000000" x="0.000000" y="1.000000" />
              </rotate>
              <scale z="1.000000" x="1.000000" y="1.000000" />
            </keyframe>
            <keyframe time="0.875" >
              <translate z="0.000000" x="0.000000" y="0.488915" />
              <rotate angle="3.096258" >
                <axis z="0.000000" x="0.000000" y="1.000000" />
              </rotate>
              <scale z="1.000000" x="1.000000" y="1.000000" />
            </keyframe>
            <keyframe time="0.9166666666666666" >
              <translate z="0.000000" x="0.000000" y="0.474988" />
              <rotate angle="3.036376" >
                <axis z="0.000000" x="0.000000" y="1.000000" />
              </rotate>
              <scale z="1.000000" x="1.000000" y="1.000000" />
            </keyframe>
            <keyframe time="0.9583333333333334" >
              <translate z="0.000000" x="0.000000" y="0.455556" />
              <rotate angle="2.947087" >
                <axis z="0.000000" x="0.000000" y="1.000000" />
              </rotate>
              <scale z="1.000000" x="1.000000" y="1.000000" />
            </keyframe>
            <keyframe time="1.0" >
              <translate z="0.000000" x="0.000000" y="0.430858" />
              <rotate angle="2.823354" >
                <axis z="0.000000" x="0.000000" y="1.000000" />
              </rotate>
              <scale z="1.000000" x="1.000000" y="1.000000" />
            </keyframe>
            <keyframe time="1.0416666666666667" >
              <translate z="0.000000" x="0.000000" y="0.401314" />
              <rotate angle="2.659348" >
                <axis z="0.000000" x="0.000000" y="1.000000" />
              </rotate>
              <scale z="1.000000" x="1.000000" y="1.000000" />
            </keyframe>
            <keyframe time="1.0833333333333333" >
              <translate z="0.000000" x="0.000000" y="0.367544" />
              <rotate angle="2.449803" >
                <axis z="0.000000" x="0.000000" y="1.000000" />
              </rotate>
              <scale z="1.000000" x="1.000000" y="1.000000" />
            </keyframe>
            <keyframe time="1.125" >
              <translate z="0.000000" x="0.000000" y="0.330369" />
              <rotate angle="2.192880" >
                <axis z="0.000000" x="0.000000" y="1.000000" />
              </rotate>
              <scale z="1.000000" x="1.000000" y="1.000000" />
            </keyframe>
            <keyframe time="1.1666666666666667" >
              <translate z="0.000000" x="0.000000" y="0.290803" />
              <rotate angle="1.894364" >
                <axis z="0.000000" x="0.000000" y="1.000000" />
              </rotate>
              <scale z="1.000000" x="1.000000" y="1.000000" />
            </keyframe>
            <keyframe time="1.2083333333333333" >
              <translate z="0.000000" x="0.000000" y="0.250000" />
              <rotate angle="1.570796" >
                <axis z="0.000000" x="0.000000" y="1.000000" />
              </rotate>
              <scale z="1.000000" x="1.000000" y="1.000000" />
            </keyframe>
            <keyframe time="1.25" >
              <translate z="0.000000" x="0.000000" y="0.209197" />
              <rotate angle="1.247229" >
                <axis z="0.000000" x="0.000000" y="1.000000" />
              </rotate>
              <scale z="1.000000" x="1.000000" y="1.000000" />
            </keyframe>
            <keyframe time="1.2916666666666667" >
              <translate z="0.000000" x="0.000000" y="0.169631" />
              <rotate angle="0.948712" >
                <axis z="0.000000" x="0.000000" y="1.000000" />
              </rotate>
              <scale z="1.000000" x="1.000000" y="1.000000" />
            </keyframe>
            <keyframe time="1.3333333333333333" >
              <translate z="0.000000" x="0.000000" y="0.132456" />
              <rotate angle="0.691789" >
                <axis z="0.000000" x="0.000000" y="1.000000" />
              </rotate>
              <scale z="1.000000" x="1.000000" y="1.000000" />
            </keyframe>
            <keyframe time="1.375" >
              <translate z="0.000000" x="0.000000" y="0.098686" />
              <rotate angle="0.482245" >
                <axis z="0.000000" x="0.000000" y="1.000000" />
              </rotate>
              <scale z="1.000000" x="1.000000" y="1.000000" />
            </keyframe>
            <keyframe time="1.4166666666666667" >
              <translate z="0.000000" x="0.000000" y="0.069142" />
              <rotate angle="0.318238" >
                <axis z="0.000000" x="0.000000" y="1.000000" />
              </rotate>
              <scale z="1.000000" x="1.000000" y="1.000000" />
            </keyframe>
            <keyframe time="1.4583333333333333" >
              <translate z="0.000000" x="0.000000" y="0.044444" />
              <rotate angle="0.194506" >
                <axis z="0.000000" x="0.000000" y="1.000002" />
              </rotate>
              <scale z="1.000000" x="1.000000" y="1.000000" />
            </keyframe>
            <keyframe time="1.5" >
              <translate z="0.000000" x="0.000000" y="0.025012" />
              <rotate angle="0.105218" >
                <axis z="0.000000" x="0.000000" y="0.999991" />
              </rotate>
              <scale z="1.000000" x="1.000000" y="1.000000" />
            </keyframe>
            <keyframe time="1.5416666666666667" >
              <translate z="0.000000" x="0.000000" y="0.011084" />
              <rotate angle="0.045330" >
                <axis z="0.000000" x="0.000000" y="1.000127" />
              </rotate>
              <scale z="1.000000" x="1.000000" y="1.000000" />
            </keyframe>
            <keyframe time="1.5833333333333333" >
              <translate z="0.000000" x="0.000000" y="0.002755" />
              <rotate angle="0.011092" >
                <axis z="0.000000" x="0.000000" y="0.999205" />
              </rotate>
              <scale z="1.000000" x="1.000000" y="1.000000" />
            </keyframe>
            <keyframe time="1.625" >
              <translate z="0.000000" x="0.000000" y="0.000000" />
              <rotate angle="0.000000" >
                <axis z="0.000000" x="1.000000" y="0.000000" />
              </rotate>
              <scale z="1.000000" x="1.000000" y="1.000000" />
            </keyframe>
          </keyframes>
        </track>
      </tracks>
    </animation>
  </animations>
</skeleton>