<?xml version="1.0" encoding="UTF-8"?>
<mesh>
    <sharedgeometry vertexcount="24">
        <vertexbuffer normals="true" colours_diffuse="False" texture_coords="1" positions="true">
            <vertex>
                <position x="1.000000" z="-1.000000" y="-1.000000"/>
                <normal x="0.000000" z="-0.000000" y="-1.000000"/>
                <texcoord v="1.000000" u="0.000000"/>
            </vertex>
            <vertex>
                <position x="1.000000" z="1.000000" y="-1.000000"/>
                <normal x="0.000000" z="-0.000000" y="-1.000000"/>
                <texcoord v="1.000000" u="1.000000"/>
            </vertex>
            <vertex>
                <position x="-1.000000" z="1.000000" y="-1.000000"/>
                <normal x="0.000000" z="-0.000000" y="-1.000000"/>
                <texcoord v="0.000000" u="1.000000"/>
            </vertex>
            <vertex>
                <position x="-1.000000" z="-1.000000" y="-1.000000"/>
                <normal x="0.000000" z="-0.000000" y="-1.000000"/>
                <texcoord v="0.000000" u="0.000000"/>
            </vertex>
            <vertex>
                <position x="1.000000" z="-0.999999" y="1.000000"/>
                <normal x="0.000000" z="0.000000" y="1.000000"/>
                <texcoord v="1.000000" u="0.000000"/>
            </vertex>
            <vertex>
                <position x="-1.000000" z="-1.000000" y="1.000000"/>
                <normal x="0.000000" z="0.000000" y="1.000000"/>
                <texcoord v="1.000000" u="1.000000"/>
            </vertex>
            <vertex>
                <position x="-1.000000" z="1.000000" y="1.000000"/>
                <normal x="0.000000" z="0.000000" y="1.000000"/>
                <texcoord v="0.000000" u="1.000000"/>
            </vertex>
            <vertex>
                <position x="0.999999" z="1.000001" y="1.000000"/>
                <normal x="0.000000" z="0.000000" y="1.000000"/>
                <texcoord v="0.000000" u="0.000000"/>
            </vertex>
            <vertex>
                <position x="1.000000" z="-1.000000" y="-1.000000"/>
                <normal x="1.000000" z="0.000000" y="0.000000"/>
                <texcoord v="1.000000" u="0.000000"/>
            </vertex>
            <vertex>
                <position x="1.000000" z="-0.999999" y="1.000000"/>
                <normal x="1.000000" z="0.000000" y="0.000000"/>
                <texcoord v="1.000000" u="1.000000"/>
            </vertex>
            <vertex>
                <position x="0.999999" z="1.000001" y="1.000000"/>
                <normal x="1.000000" z="0.000000" y="0.000000"/>
                <texcoord v="0.000000" u="1.000000"/>
            </vertex>
            <vertex>
                <position x="1.000000" z="1.000000" y="-1.000000"/>
                <normal x="1.000000" z="0.000000" y="0.000000"/>
                <texcoord v="0.000000" u="0.000000"/>
            </vertex>
            <vertex>
                <position x="1.000000" z="1.000000" y="-1.000000"/>
                <normal x="-0.000000" z="1.000000" y="-0.000000"/>
                <texcoord v="1.000000" u="0.000000"/>
            </vertex>
            <vertex>
                <position x="0.999999" z="1.000001" y="1.000000"/>
                <normal x="-0.000000" z="1.000000" y="-0.000000"/>
                <texcoord v="1.000000" u="1.000000"/>
            </vertex>
            <vertex>
                <position x="-1.000000" z="1.000000" y="1.000000"/>
                <normal x="-0.000000" z="1.000000" y="-0.000000"/>
                <texcoord v="0.000000" u="1.000000"/>
            </vertex>
            <vertex>
                <position x="-1.000000" z="1.000000" y="-1.000000"/>
                <normal x="-0.000000" z="1.000000" y="-0.000000"/>
                <texcoord v="0.000000" u="0.000000"/>
            </vertex>
            <vertex>
                <position x="-1.000000" z="1.000000" y="-1.000000"/>
                <normal x="-1.000000" z="-0.000000" y="-0.000000"/>
                <texcoord v="1.000000" u="0.000000"/>
            </vertex>
            <vertex>
                <position x="-1.000000" z="1.000000" y="1.000000"/>
                <normal x="-1.000000" z="-0.000000" y="-0.000000"/>
                <texcoord v="1.000000" u="1.000000"/>
            </vertex>
            <vertex>
                <position x="-1.000000" z="-1.000000" y="1.000000"/>
                <normal x="-1.000000" z="-0.000000" y="-0.000000"/>
                <texcoord v="0.000000" u="1.000000"/>
            </vertex>
            <vertex>
                <position x="-1.000000" z="-1.000000" y="-1.000000"/>
                <normal x="-1.000000" z="-0.000000" y="-0.000000"/>
                <texcoord v="0.000000" u="0.000000"/>
            </vertex>
            <vertex>
                <position x="1.000000" z="-0.999999" y="1.000000"/>
                <normal x="0.000000" z="-1.000000" y="0.000000"/>
                <texcoord v="1.000000" u="0.000000"/>
            </vertex>
            <vertex>
                <position x="1.000000" z="-1.000000" y="-1.000000"/>
                <normal x="0.000000" z="-1.000000" y="0.000000"/>
                <texcoord v="1.000000" u="1.000000"/>
            </vertex>
            <vertex>
                <position x="-1.000000" z="-1.000000" y="-1.000000"/>
                <normal x="0.000000" z="-1.000000" y="0.000000"/>
                <texcoord v="0.000000" u="1.000000"/>
            </vertex>
            <vertex>
                <position x="-1.000000" z="-1.000000" y="1.000000"/>
                <normal x="0.000000" z="-1.000000" y="0.000000"/>
                <texcoord v="0.000000" u="0.000000"/>
            </vertex>
        </vertexbuffer>
    </sharedgeometry>
    <submeshes>
        <submesh operationtype="triangle_list" material="Material" use32bitindexes="False" usesharedvertices="true">
            <faces count="12">
                <face v2="1" v3="2" v1="0"/>
                <face v2="2" v3="3" v1="0"/>
                <face v2="5" v3="6" v1="4"/>
                <face v2="6" v3="7" v1="4"/>
                <face v2="9" v3="10" v1="8"/>
                <face v2="10" v3="11" v1="8"/>
                <face v2="13" v3="14" v1="12"/>
                <face v2="14" v3="15" v1="12"/>
                <face v2="17" v3="18" v1="16"/>
                <face v2="18" v3="19" v1="16"/>
                <face v2="21" v3="22" v1="20"/>
                <face v2="22" v3="23" v1="20"/>
            </faces>
        </submesh>
    </submeshes>
    <submeshnames>
        <submesh name="Material" index="0">
        </submesh>
    </submeshnames>
</mesh>