<?xml version="1.0" encoding="UTF-8"?>
<mesh>
    <sharedgeometry vertexcount="18">
        <vertexbuffer colours_diffuse="False" positions="true" texture_coords="0" normals="true">
            <vertex>
                <position z="-0.000000" x="0.000000" y="0.223680"/>
                <normal z="1.000000" x="0.000000" y="0.000000"/>
            </vertex>
            <vertex>
                <position z="0.000000" x="-0.000000" y="-0.223680"/>
                <normal z="1.000000" x="0.000000" y="0.000000"/>
            </vertex>
            <vertex>
                <position z="-0.000000" x="0.447397" y="-0.000000"/>
                <normal z="1.000000" x="0.000000" y="0.000000"/>
            </vertex>
            <vertex>
                <position z="0.148628" x="0.000000" y="0.223680"/>
                <normal z="-1.000000" x="-0.000000" y="-0.000000"/>
            </vertex>
            <vertex>
                <position z="0.148628" x="0.447397" y="-0.000000"/>
                <normal z="-1.000000" x="-0.000000" y="-0.000000"/>
            </vertex>
            <vertex>
                <position z="0.148628" x="-0.000000" y="-0.223680"/>
                <normal z="-1.000000" x="-0.000000" y="-0.000000"/>
            </vertex>
            <vertex>
                <position z="-0.000000" x="0.000000" y="0.223680"/>
                <normal z="0.000000" x="-0.447184" y="-0.894442"/>
            </vertex>
            <vertex>
                <position z="-0.000000" x="0.447397" y="-0.000000"/>
                <normal z="0.000000" x="-0.447184" y="-0.894442"/>
            </vertex>
            <vertex>
                <position z="0.148628" x="0.447397" y="-0.000000"/>
                <normal z="0.000000" x="-0.447184" y="-0.894442"/>
            </vertex>
            <vertex>
                <position z="0.148628" x="0.000000" y="0.223680"/>
                <normal z="0.000000" x="-0.447184" y="-0.894442"/>
            </vertex>
            <vertex>
                <position z="-0.000000" x="0.447397" y="-0.000000"/>
                <normal z="-0.000000" x="-0.447184" y="0.894442"/>
            </vertex>
            <vertex>
                <position z="0.000000" x="-0.000000" y="-0.223680"/>
                <normal z="-0.000000" x="-0.447184" y="0.894442"/>
            </vertex>
            <vertex>
                <position z="0.148628" x="-0.000000" y="-0.223680"/>
                <normal z="-0.000000" x="-0.447184" y="0.894442"/>
            </vertex>
            <vertex>
                <position z="0.148628" x="0.447397" y="-0.000000"/>
                <normal z="-0.000000" x="-0.447184" y="0.894442"/>
            </vertex>
            <vertex>
                <position z="0.000000" x="-0.000000" y="-0.223680"/>
                <normal z="-0.000000" x="1.000000" y="-0.000000"/>
            </vertex>
            <vertex>
                <position z="-0.000000" x="0.000000" y="0.223680"/>
                <normal z="-0.000000" x="1.000000" y="-0.000000"/>
            </vertex>
            <vertex>
                <position z="0.148628" x="0.000000" y="0.223680"/>
                <normal z="-0.000000" x="1.000000" y="-0.000000"/>
            </vertex>
            <vertex>
                <position z="0.148628" x="-0.000000" y="-0.223680"/>
                <normal z="-0.000000" x="1.000000" y="-0.000000"/>
            </vertex>
        </vertexbuffer>
    </sharedgeometry>
    <submeshes>
        <submesh operationtype="triangle_list" material="Puntero_mat" usesharedvertices="true" use32bitindexes="False">
            <faces count="8">
                <face v2="1" v3="2" v1="0"/>
                <face v2="4" v3="5" v1="3"/>
                <face v2="7" v3="8" v1="6"/>
                <face v2="8" v3="9" v1="6"/>
                <face v2="11" v3="12" v1="10"/>
                <face v2="12" v3="13" v1="10"/>
                <face v2="15" v3="16" v1="14"/>
                <face v2="16" v3="17" v1="14"/>
            </faces>
        </submesh>
    </submeshes>
    <submeshnames>
        <submesh index="0" name="Puntero_mat">
        </submesh>
    </submeshnames>
</mesh>